{
    "learning_rate": [
        0.0003,
        0.0003,
        0.0003,
        0.0003,
        0.0003,
        0.00015,
        0.00015,
        0.00015,
        0.00015,
        0.00015,
        7.5e-05,
        7.5e-05,
        7.5e-05,
        7.5e-05,
        7.5e-05,
        3.75e-05,
        3.75e-05,
        3.75e-05,
        3.75e-05,
        3.75e-05,
        1.875e-05,
        1.875e-05,
        1.875e-05,
        1.875e-05,
        1.875e-05,
        9.375e-06,
        9.375e-06,
        9.375e-06,
        9.375e-06,
        9.375e-06,
        4.6875e-06,
        4.6875e-06,
        4.6875e-06,
        4.6875e-06,
        4.6875e-06,
        2.34375e-06,
        2.34375e-06,
        2.34375e-06,
        2.34375e-06,
        2.34375e-06
    ],
    "train_loss": [
        1.991587061739612,
        0.9519206714534059,
        0.7260419443535788,
        0.5991143399461465,
        0.5049077562314974,
        0.4173759960342736,
        0.38133714669305696,
        0.3497914553190131,
        0.32185381176941313,
        0.2949756871477126,
        0.25890771332977225,
        0.24013171644325532,
        0.22387939490754052,
        0.2072705383332851,
        0.19066521756547017,
        0.17342126534946667,
        0.1648628391708687,
        0.15852965745906267,
        0.15110703649382987,
        0.14472354303504173,
        0.1361125197820498,
        0.13194022315123205,
        0.12868666085965347,
        0.1263232482700982,
        0.12287796729423757,
        0.1188667108147849,
        0.11700359340311227,
        0.11563892479130346,
        0.11436254823322996,
        0.11318032493058554,
        0.11114769621281353,
        0.11071174725904287,
        0.10986750726205079,
        0.10922912799455906,
        0.10856021233176727,
        0.10826031334343242,
        0.10713643780758268,
        0.10669267201863722,
        0.10663386224520718,
        0.10632503636465673
    ],
    "val_loss": [
        0.8087851055566734,
        0.4172157711962953,
        0.2954450865492437,
        0.22378128585162885,
        0.18332121608628762,
        0.1426379966739371,
        0.12882823930497136,
        0.1211416876314305,
        0.11275221232183595,
        0.10407783136530933,
        0.09308989594968574,
        0.08930460527380354,
        0.08668420510587252,
        0.08204030353240492,
        0.07931199145472445,
        0.07490936007297717,
        0.07376790670810435,
        0.0724995496409164,
        0.072107278953761,
        0.07040253159550341,
        0.06833464630009933,
        0.06783885572776552,
        0.06737124180791997,
        0.06653511018152415,
        0.0664031490169342,
        0.06574125863695561,
        0.06511079913923314,
        0.06510907823829007,
        0.06468586185814645,
        0.06470788023611133,
        0.06425796117924895,
        0.0641887561038525,
        0.06405813726640673,
        0.06376080728308144,
        0.06351583430066846,
        0.06364801671947419,
        0.06344991026146081,
        0.06344152881291594,
        0.0635101175690467,
        0.06329044791035601
    ],
    "train_char_acc": [
        0.3955402718227808,
        0.694657365612917,
        0.76705134718812,
        0.8071618100906837,
        0.8367620310559604,
        0.8651692362214808,
        0.8766223851977211,
        0.8865724124454102,
        0.8956434799048765,
        0.9042185273575087,
        0.9158657386591718,
        0.9221515386102889,
        0.9276304733671263,
        0.9330128705397012,
        0.9383611951034819,
        0.9439428398241276,
        0.9466779868194181,
        0.9489492097859361,
        0.9511582150818697,
        0.9532440171390949,
        0.9560952061978413,
        0.9574232754986499,
        0.9584232166102216,
        0.9592036642319616,
        0.9602603916450541,
        0.9616536422345445,
        0.9622973080465764,
        0.9625071718331676,
        0.963238980425961,
        0.963337493185806,
        0.9640638703247698,
        0.9641865787135393,
        0.9643769378655328,
        0.96458186373436,
        0.9650196154328369,
        0.9650497371677427,
        0.9651907167747762,
        0.9654205797350952,
        0.9654677374494616,
        0.9656383446902284
    ],
    "val_char_acc": [
        0.7814289714911538,
        0.8887588981344802,
        0.9221712208895887,
        0.9384923105556253,
        0.9502036560203226,
        0.9597736596354941,
        0.9634219614956616,
        0.9655670053303524,
        0.9673405535413191,
        0.9697188606476896,
        0.9720601426057905,
        0.9732054813072015,
        0.9739521741160849,
        0.9751592238226208,
        0.975541827520488,
        0.9767192542835434,
        0.9768747639317084,
        0.9772623050693087,
        0.9772993299350919,
        0.9777535173282804,
        0.9781533981810249,
        0.9783570410516025,
        0.9784619495343257,
        0.9785409365643822,
        0.9786396738477228,
        0.9787161940646962,
        0.9790556002849651,
        0.9789605663286001,
        0.9790802838819287,
        0.9792111100037516,
        0.979190128180088,
        0.9792567754243787,
        0.9792876297263737,
        0.9793913029663935,
        0.9794048803959977,
        0.9795097869013158,
        0.9794665894943391,
        0.9794135195384094,
        0.9793814300643324,
        0.9794986783328214
    ],
    "train_seq_acc": [
        0.031325304179652576,
        0.1776919392442839,
        0.28780640159830945,
        0.3683510112957413,
        0.43637784427589477,
        0.5108092360006008,
        0.5419789938374022,
        0.5709809789049538,
        0.5986089713202181,
        0.6248913644670621,
        0.6631310737141503,
        0.684300189618393,
        0.7034805344868452,
        0.7233719483289879,
        0.7423671189855416,
        0.7629202220162443,
        0.7729825886908118,
        0.7817746602717551,
        0.7904161234889784,
        0.7986699553653792,
        0.809523633162708,
        0.8149517065655368,
        0.8193366319032946,
        0.8221512799241526,
        0.8262004226862918,
        0.8320247689025836,
        0.8345061033420241,
        0.8352566761522955,
        0.8382824227747179,
        0.8388021450580706,
        0.8413871770561745,
        0.8421414533506838,
        0.8428698052413996,
        0.8438561665528644,
        0.845696798219136,
        0.8457153156403259,
        0.8463473769408545,
        0.8469769692613096,
        0.8470609149087461,
        0.84809418701114
    ],
    "val_seq_acc": [
        0.304644302928476,
        0.5889798084282762,
        0.7008355548737738,
        0.7603611275906811,
        0.8000468996605037,
        0.8376962381516587,
        0.8509947669590819,
        0.860146376405847,
        0.8652559735622452,
        0.8742594786729858,
        0.8834789691943128,
        0.8884528041309655,
        0.8903905015562383,
        0.8949817337837265,
        0.896573854636807,
        0.9014859794864157,
        0.9017451619508707,
        0.9033249407582938,
        0.9040469490521327,
        0.9051515600551361,
        0.9072435328039513,
        0.9078174368323872,
        0.907971712085308,
        0.9083172887281219,
        0.9086566943127962,
        0.9090763230883114,
        0.9105697077173758,
        0.9101192239336493,
        0.9105820497630331,
        0.9112917160112146,
        0.9110387046048991,
        0.9114830174011077,
        0.9115262144549763,
        0.9119705272511849,
        0.9119520142180095,
        0.912396327014218,
        0.9120322373382288,
        0.9116928317535545,
        0.9117915679069492,
        0.9123037618483413
    ],