{
    "learning_rate": [
        0.0001,
        0.0001,
        0.0001,
        0.0001,
        0.0001,
        5e-05,
        5e-05,
        5e-05,
        5e-05,
        5e-05,
        2.5e-05,
        2.5e-05,
        2.5e-05,
        2.5e-05,
        2.5e-05,
        1.25e-05,
        1.25e-05,
        1.25e-05,
        1.25e-05,
        1.25e-05
    ],
    "train_loss": [
        3.2127820511076184,
        1.1173420944805499,
        0.4256489697807365,
        0.22888037719770715,
        0.1547284473301084,
        0.08276169616518611,
        0.06805686127426516,
        0.05883469024172949,
        0.052454465536478284,
        0.04747230968907545,
        0.02750485030451134,
        0.023662678334038463,
        0.021690498677028033,
        0.020271683138782692,
        0.019238528682656277,
        0.012192042450411073,
        0.010941248263253106,
        0.010518043693363304,
        0.010259678135279575,
        0.010056210049366389
    ],
    "val_loss": [
        2.02161160409009,
        0.6163264262852846,
        0.2884282377936222,
        0.18750826853679287,
        0.15331471073765446,
        0.09222992328478506,
        0.0947583555949645,
        0.08279891737550497,
        0.0815504615554862,
        0.08635667107399139,
        0.06182830682713366,
        0.06312427455786598,
        0.06714178809917239,
        0.06470109066784305,
        0.07027885771578575,
        0.06174839455476117,
        0.060534680537303855,
        0.06272226148189468,
        0.06477550770172201,
        0.06367735854060232
    ],
    "train_char_acc": [
        0.12000148354167188,
        0.6623800107744005,
        0.8652266786257425,
        0.9251844564367223,
        0.948120013028604,
        0.9711333481188174,
        0.9754918661823979,
        0.9784377918773227,
        0.9805474208372611,
        0.982041494595563,
        0.9889763057602776,
        0.9903385271213673,
        0.9909563044442071,
        0.9915303780661688,
        0.991961488752012,
        0.9946888938515275,
        0.9951955600385313,
        0.9953963006337484,
        0.9955933374864083,
        0.9957414855038679
    ],
    "val_char_acc": [
        0.40460000596223056,
        0.8078407527782299,
        0.9060851969189114,
        0.9382851972579956,
        0.9490963093086525,
        0.9681889037202905,
        0.9676851994549787,
        0.9716444594595167,
        0.9719889036461159,
        0.9707814966307746,
        0.9784111253773724,
        0.9784259394186514,
        0.977325940185123,
        0.9783222361317387,
        0.9774555696204856,
        0.979718532067758,
        0.9804963095099838,
        0.9800148285936426,
        0.9798259394257157,
        0.980281495306227
    ],
    "train_seq_acc": [
        0.0012740740740740742,
        0.20096666666666665,
        0.5360851851851852,
        0.7094666666666667,
        0.7885851851851852,
        0.8753814814814814,
        0.8926148148148149,
        0.9040111111111111,
        0.9124925925925926,
        0.918425925925926,
        0.9486148148148148,
        0.954274074074074,
        0.9570481481481482,
        0.9596518518518519,
        0.9616888888888889,
        0.9744407407407407,
        0.9768703703703704,
        0.9778259259259259,
        0.9787037037037037,
        0.9794814814814815
    ],
    "val_seq_acc": [
        0.022648148148148146,
        0.3957777777777778,
        0.6509074074074074,
        0.7567407407407407,
        0.7930555555555555,
        0.8648518518518519,
        0.8634444444444445,
        0.8783888888888889,
        0.8799444444444444,
        0.8739444444444444,
        0.9063703703703704,
        0.9065555555555556,
        0.9014629629629629,
        0.9054074074074074,
        0.9017037037037037,
        0.9119074074074074,
        0.9151851851851852,
        0.9125925925925926,
        0.9117037037037037,
        0.9134814814814814
    ],
    "val_pos_acc_0": [
        0.48877777777777776,
        0.8493518518518518,
        0.9265555555555556,
        0.9534444444444444,
        0.9597777777777777,
        0.9773888888888889,
        0.9757407407407407,
        0.978574074074074,
        0.9795,
        0.977037037037037,
        0.9839444444444444,
        0.9832407407407407,
        0.9836481481481482,
        0.9834814814814815,
        0.9834444444444445,
        0.9852962962962963,
        0.9852592592592593,
        0.9845925925925926,
        0.9849259259259259,
        0.9846666666666667
    ],
    "val_pos_acc_1": [
        0.37372222222222223,
        0.7812222222222223,
        0.8950370370370371,
        0.9306851851851852,
        0.9471666666666667,
        0.9639444444444445,
        0.965037037037037,
        0.9685185185185186,
        0.9704074074074074,
        0.967,
        0.9742962962962963,
        0.9758888888888889,
        0.9740740740740741,
        0.976462962962963,
        0.9748148148148148,
        0.9767222222222223,
        0.9774074074074074,
        0.9776111111111111,
        0.9775185185185186,
        0.978462962962963
    ],
    "val_pos_acc_2": [
        0.3396666666666667,
        0.721574074074074,
        0.8651296296296296,
        0.9112407407407408,
        0.9301296296296296,
        0.9564814814814815,
        0.9540740740740741,
        0.9623888888888888,
        0.9629814814814814,
        0.9599814814814814,
        0.9712222222222222,
        0.9722777777777778,
        0.9698333333333333,
        0.9707592592592592,
        0.9708333333333333,
        0.9726481481481482,
        0.9744814814814815,
        0.9733148148148149,
        0.9732407407407407,
        0.9737962962962963
    ],
    "val_pos_acc_3": [
        0.36614814814814817,
        0.8094259259259259,
        0.9081481481481481,
        0.937,
        0.9467222222222222,
        0.9672407407407407,
        0.9668888888888889,
        0.9704074074074074,
        0.9694074074074074,
        0.9709814814814814,
        0.9781666666666666,
        0.9777037037037037,
        0.976037037037037,
        0.9773888888888889,
        0.9766481481481482,
        0.9788148148148148,
        0.9798148148148148,
        0.9797037037037037,
        0.9786111111111111,
        0.979462962962963
    ],
    "val_pos_acc_4": [
        0.4546851851851852,
        0.8776296296296296,
        0.9355555555555556,
        0.9590555555555556,
        0.9616851851851852,
        0.9758888888888889,
        0.9766851851851852,
        0.9783333333333334,
        0.9776481481481482,
        0.9789074074074074,
        0.9844259259259259,
        0.9830185185185185,
        0.983037037037037,
        0.9835185185185186,
        0.981537037037037,
        0.9851111111111112,
        0.9855185185185186,
        0.9848518518518519,
        0.9848333333333333,
        0.9850185185185185
    ]
}